-- FOI NECESSARIO REMOVER O SIMBOLO DO DINHEIRO($) PARA O SCRIPT CARREGAR NO DBEAVER.

INSERT INTO listapopular.cliente (cpfcli, nome, telefone, email, cep, estado, cidade, rua, numero, complemento, valorgasto, dataingresso) VALUES(84758328664, 'Caldwell de Matos de Sousa', 86917055171, 'caldwelldematosdesousa@outlook.com', 64013456, 'Piauí', 'Teresina', 'Rua Emerald Nonato', '77', 'odio. Phasellus at augue id ante', 0.00, '2023-02-11 00:00:00.000');
INSERT INTO listapopular.cliente (cpfcli, nome, telefone, email, cep, estado, cidade, rua, numero, complemento, valorgasto, dataingresso) VALUES(88761886517, 'Gage Custodio Lemos', 86912670883, 'gagecustodiolemos@hotmail.com', 64076325, 'Piauí', 'Teresina', 'Rua Inga Fonseca', '86', 'Phasellus dapibus quam quis diam. Pellentesque habitant morbi', 0.00, '2023-02-12 00:00:00.000');
INSERT INTO listapopular.cliente (cpfcli, nome, telefone, email, cep, estado, cidade, rua, numero, complemento, valorgasto, dataingresso) VALUES(12452127471, 'Sylvester Maciel Silva', 86937162751, 'sylvestermacielsilva4711@icloud.com', 64005810, 'Piauí', 'Teresina', 'Rua Dane de Lima', '19', 'Morbi non sapien molestie orci tincidunt adipiscing. Mauris molestie pharetra', 0.00, '2023-02-11 00:00:00.000');
INSERT INTO listapopular.cliente (cpfcli, nome, telefone, email, cep, estado, cidade, rua, numero, complemento, valorgasto, dataingresso) VALUES(86554169245, 'Myles Cordeiro Candido', 86952693567, 'mylescordeirocandido1943@google.com', 64011760, 'Piauí', 'Teresina', 'Rua Lysandra Domingues', '89', 'Aliquam erat', 0.00, '2023-02-12 00:00:00.000');
INSERT INTO listapopular.cliente (cpfcli, nome, telefone, email, cep, estado, cidade, rua, numero, complemento, valorgasto, dataingresso) VALUES(62284240425, 'Chandler Coelho Marinho', 86930825328, 'chandlercoelhomarinho4316@icloud.com', 64010140, 'Piauí', 'Teresina', 'Rua Gannon Caetano', '94', 'Nam consequat dolor vitae dolor. Donec fringilla. Donec feugiat', 0.00, '2023-02-11 00:00:00.000');
INSERT INTO listapopular.cliente (cpfcli, nome, telefone, email, cep, estado, cidade, rua, numero, complemento, valorgasto, dataingresso) VALUES(7318723548, 'Mona Braga Oliveira', 86988667343, 'monabragaoliveira9853@aol.com', 64010829, 'Piauí', 'Teresina', 'Rua Frances Diniz', '3', 'iaculis nec, eleifend non, dapibus rutrum,', 0.00, '2023-02-12 00:00:00.000');
INSERT INTO listapopular.cliente (cpfcli, nome, telefone, email, cep, estado, cidade, rua, numero, complemento, valorgasto, dataingresso) VALUES(37653386582, 'Aileen Das Dores Sales', 86948783342, 'aileendasdoressales6180@outlook.com', 64078388, 'Piauí', 'Teresina', 'Rua Micah de Lima', '12', 'in consectetuer ipsum nunc', 0.00, '2023-02-11 00:00:00.000');
INSERT INTO listapopular.cliente (cpfcli, nome, telefone, email, cep, estado, cidade, rua, numero, complemento, valorgasto, dataingresso) VALUES(20656659677, 'Mannix Vasconcelos Marques', 86906471453, 'mannixvasconcelosmarques@google.com', 64013517, 'Piauí', 'Teresina', 'Rua Judith da Cunha', '17', 'nec ante blandit viverra. Donec tempus,', 0.00, '2023-02-12 00:00:00.000');
INSERT INTO listapopular.cliente (cpfcli, nome, telefone, email, cep, estado, cidade, rua, numero, complemento, valorgasto, dataingresso) VALUES(24712551276, 'Alice Medeiros Franca', 86901453858, 'alicemedeirosfranca@aol.com', 64020680, 'Piauí', 'Teresina', 'Rua Jesse Maciel', '37', 'consequat nec, mollis vitae, posuere at, velit. Cras lorem', 0.00, '2023-02-11 00:00:00.000');
INSERT INTO listapopular.cliente (cpfcli, nome, telefone, email, cep, estado, cidade, rua, numero, complemento, valorgasto, dataingresso) VALUES(3448445363, 'Bárbara Isa', 86994547894, 'tosem@gmail.com', 64290000, 'Piaui	Teresina', 'Piaui	Teresina', 'Rua Santo', '15', NULL, 0.00, '2023-02-12 00:00:00.000');
INSERT INTO listapopular.cliente (cpfcli, nome, telefone, email, cep, estado, cidade, rua, numero, complemento, valorgasto, dataingresso) VALUES(2589635485, 'Barto Galeno', 86999587415, 'juhhf@hotmail.com', 64290000, 'Piaui', 'Teresina', 'Rua Ines Alencar', '1589', NULL, 0.00, '2023-02-11 00:00:00.000');
INSERT INTO listapopular.cliente (cpfcli, nome, telefone, email, cep, estado, cidade, rua, numero, complemento, valorgasto, dataingresso) VALUES(58964715236, 'Carlos Adiel', 86994547815, 'jfuyhyd@yahoo.com.br', 64290000, 'Piaui', 'Teresina', 'Avenida Alameda Parnaiba', '8956', NULL, 0.00, '2023-02-12 00:00:00.000');
INSERT INTO listapopular.cliente (cpfcli, nome, telefone, email, cep, estado, cidade, rua, numero, complemento, valorgasto, dataingresso) VALUES(45874552161, 'Amado Batista', 86988745152, 'fnru@bol.com', 64290000, 'Piaui', 'Teresina', 'Avenida Santo Amaro', '5874', NULL, 0.00, '2023-02-11 00:00:00.000');
INSERT INTO listapopular.cliente (cpfcli, nome, telefone, email, cep, estado, cidade, rua, numero, complemento, valorgasto, dataingresso) VALUES(87452664598, 'Reginaldo Rossi', 86988547485, 'kmi@gmail.com', 64290000, 'Piaui', 'Teresina', 'Avenida Satelite', '8741', NULL, 0.00, '2023-02-12 00:00:00.000');
INSERT INTO listapopular.cliente (cpfcli, nome, telefone, email, cep, estado, cidade, rua, numero, complemento, valorgasto, dataingresso) VALUES(56536244884, 'Adena Mendes Freitas', 86985180392, 'adenamendesfreitas1384@yahoo.com', 64012362, 'Piauí', 'Teresina', 'Rua Chaney Torres', '8', 'eu tellus. Phasellus elit pede, malesuada vel, venenatis vel,', 0.00, '2023-02-11 00:00:00.000');
INSERT INTO listapopular.cliente (cpfcli, nome, telefone, email, cep, estado, cidade, rua, numero, complemento, valorgasto, dataingresso) VALUES(48782206007, 'Lucio Araujo', 86981898076, 'lucio_a.khfzo@aleeas.com', 64010200, 'Piaui	Teresina', 'Piaui	Teresina', 'Rua Augusto Torres', '12', NULL, 0.00, '2023-02-12 00:00:00.000');

INSERT INTO listapopular.mercado (cnpjmer, nome, cep, estado, cidade, rua, numero) VALUES(34381882000102, 'Assai Atacadista', 6477175, 'Piauí', 'Teresina', 'Av. José Francisco de Almeida Neto', '11');
INSERT INTO listapopular.mercado (cnpjmer, nome, cep, estado, cidade, rua, numero) VALUES(53984709000135, 'Mercado Extra', 64019870, 'Piauí', 'Teresina', 'Av. Barão de Gurguéia', '3191');
INSERT INTO listapopular.mercado (cnpjmer, nome, cep, estado, cidade, rua, numero) VALUES(26484118000126, 'Carvalho Super Shopping da Cidade', 64000010, 'Piauí', 'Teresina', 'Av. Maranhão, 300 - 1º andar Loja 1', '1');
INSERT INTO listapopular.mercado (cnpjmer, nome, cep, estado, cidade, rua, numero) VALUES(42631540000113, 'Kaique e Gael Comercio Ltda', 64258987, 'Piauí', 'Teresina', '02', '5874');
INSERT INTO listapopular.mercado (cnpjmer, nome, cep, estado, cidade, rua, numero) VALUES(55287224000118, 'Caroline e Fábio comercio Ltda', 64071450, 'Piauí', 'Teresina', 'São Francisco', '2415');
INSERT INTO listapopular.mercado (cnpjmer, nome, cep, estado, cidade, rua, numero) VALUES(95058542000121, 'Aurora e Cauê Adega Ltda', 64200005, 'Piauí', 'Teresina', 'Paraíba', '566');
INSERT INTO listapopular.mercado (cnpjmer, nome, cep, estado, cidade, rua, numero) VALUES(3309811000167, 'Bernardo e Benedito comercio ME', 64604210, 'Piauí', 'Teresina', 'Projetada', '203');
INSERT INTO listapopular.mercado (cnpjmer, nome, cep, estado, cidade, rua, numero) VALUES(48807136000134, 'Igor e Thiago Buffet ME', 64059255, 'Piauí', 'Teresina', 'Doutor João Silva Filho', '55');
INSERT INTO listapopular.mercado (cnpjmer, nome, cep, estado, cidade, rua, numero) VALUES(5995436000181, 'Mini Mercado Lindolfo Monteiro ', 64052810, 'Piauí', 'Teresina', 'Av. Lindolfo Monteiro', '1867');
INSERT INTO listapopular.mercado (cnpjmer, nome, cep, estado, cidade, rua, numero) VALUES(80421445000184, 'Mix Mateus Atacarejo', 64020720, 'Piauí', 'Teresina', 'Av. Henry Wall de Carvalho', '5300A');

INSERT INTO listapopular.produto (cnpjmer, codprod, nome, valor) VALUES(55287224000118, 6456323031100, 'Macarrao Fortaleza Espaguete 500g', 5.92);
INSERT INTO listapopular.produto (cnpjmer, codprod, nome, valor) VALUES(55287224000118, 6583099659242, 'Peta Mandarin 150g', 7.55);
INSERT INTO listapopular.produto (cnpjmer, codprod, nome, valor) VALUES(95058542000121, 130757331574, 'Bisc Waffer Nestle Kit Kat 41,5g Leite', 3.39);
INSERT INTO listapopular.produto (cnpjmer, codprod, nome, valor) VALUES(55287224000118, 3139264830393, 'Flocao De Milho Super Flocao 500g', 2.35);
INSERT INTO listapopular.produto (cnpjmer, codprod, nome, valor) VALUES(42631540000113, 101949011475, 'Goma Fresca Nossa Goma 1kg', 9.09);
INSERT INTO listapopular.produto (cnpjmer, codprod, nome, valor) VALUES(48807136000134, 9555626300214, 'Refrigerante Coca Cola Mini Pet 250ml', 2.09);
INSERT INTO listapopular.produto (cnpjmer, codprod, nome, valor) VALUES(3309811000167, 3015685805465, 'SucoKapo Morango 200ml', 2.39);
INSERT INTO listapopular.produto (cnpjmer, codprod, nome, valor) VALUES(48807136000134, 4999889410399, 'Leite Piracanjuba Integral 1l', 6.15);
INSERT INTO listapopular.produto (cnpjmer, codprod, nome, valor) VALUES(95058542000121, 3181089778954, 'Presunto Peru Perdigao Bandeja 150g', 3.97);
INSERT INTO listapopular.produto (cnpjmer, codprod, nome, valor) VALUES(55287224000118, 87113137335, 'Margarina Primor 500g', 6.49);
INSERT INTO listapopular.produto (cnpjmer, codprod, nome, valor) VALUES(42631540000113, 8084865942820, 'Patinho Bovino Peça Vácuo Aprox. 1kg', 44.69);
INSERT INTO listapopular.produto (cnpjmer, codprod, nome, valor) VALUES(3309811000167, 1135366832985, 'Pernil Suíno Congelado Porção de 1kg', 20.05);
INSERT INTO listapopular.produto (cnpjmer, codprod, nome, valor) VALUES(48807136000134, 2232024643934, 'Pao De Forma Plus Vita Original 500g', 12.09);
INSERT INTO listapopular.produto (cnpjmer, codprod, nome, valor) VALUES(42631540000113, 6455981590639, 'Pao Bisnaguinha Plus Vita 300gr', 11.59);
INSERT INTO listapopular.produto (cnpjmer, codprod, nome, valor) VALUES(42631540000113, 6137588458160, 'Pao De Forma Massa Fina 500g', 9.19);
INSERT INTO listapopular.produto (cnpjmer, codprod, nome, valor) VALUES(55287224000118, 7056495021078, 'Pão Hambúrguer Massa Fina 600g', 10.85);
INSERT INTO listapopular.produto (cnpjmer, codprod, nome, valor) VALUES(95058542000121, 1067444634955, 'Banana Prata Porção de 1kg', 5.49);
INSERT INTO listapopular.produto (cnpjmer, codprod, nome, valor) VALUES(55287224000118, 9782031676515, 'Cenoura Porção de 1kg', 4.95);
INSERT INTO listapopular.produto (cnpjmer, codprod, nome, valor) VALUES(80421445000184, 1270376122524, 'Milho Verde Quero 170g', 4.79);
INSERT INTO listapopular.produto (cnpjmer, codprod, nome, valor) VALUES(5995436000181, 4573310188882, 'Oleo Soja Concordia Pet 900ml', 8.42);
INSERT INTO listapopular.produto (cnpjmer, codprod, nome, valor) VALUES(53984709000135, 9604055423954, 'Biscoito Cream Cracker Fortaleza 350g', 5.99);
INSERT INTO listapopular.produto (cnpjmer, codprod, nome, valor) VALUES(34381882000102, 3995126545160, 'Cheetos Onda Requeijao Elma Chips 45g', 1.69);
INSERT INTO listapopular.produto (cnpjmer, codprod, nome, valor) VALUES(34381882000102, 4839828455626, 'Biscoito Recheado Rich 125g Escureto', 2.69);
INSERT INTO listapopular.produto (cnpjmer, codprod, nome, valor) VALUES(5995436000181, 7504801587102, 'Farinha De Arroz Flocada Flocao Coringa 500g', 3.29);
INSERT INTO listapopular.produto (cnpjmer, codprod, nome, valor) VALUES(26484118000126, 1086868871111, 'Arroz Branco Do Carvalho Tipo1 1kg', 5.09);
INSERT INTO listapopular.produto (cnpjmer, codprod, nome, valor) VALUES(5995436000181, 9390890088068, 'Cerveja Heineken Pilsen 330ml', 5.99);
INSERT INTO listapopular.produto (cnpjmer, codprod, nome, valor) VALUES(80421445000184, 3933359179127, 'Refrigerante Coca-Cola Sem Açúcar 2L', 8.59);
INSERT INTO listapopular.produto (cnpjmer, codprod, nome, valor) VALUES(26484118000126, 3998564680905, 'Queijo Mucarela Fatiado Diversos Porção 150g', 5.19);
INSERT INTO listapopular.produto (cnpjmer, codprod, nome, valor) VALUES(34381882000102, 3651358733880, 'Leite Betania Uht Integral 1l', 5.45);
INSERT INTO listapopular.produto (cnpjmer, codprod, nome, valor) VALUES(53984709000135, 7754017806768, 'Filé De Peito Frango Congelado Natural Pacote', 15.99);
INSERT INTO listapopular.produto (cnpjmer, codprod, nome, valor) VALUES(80421445000184, 2933019753828, 'Linguiça Calabresa Tradicional Sadia Porção de 500', 15.63);
INSERT INTO listapopular.produto (cnpjmer, codprod, nome, valor) VALUES(34381882000102, 9056331011049, 'Pao Forma Massa Fina Sem Casca 330g', 11.05);
INSERT INTO listapopular.produto (cnpjmer, codprod, nome, valor) VALUES(53984709000135, 1352095892954, 'Laranja Pera Porção de 1kg', 2.95);
INSERT INTO listapopular.produto (cnpjmer, codprod, nome, valor) VALUES(53984709000135, 5990946571625, 'Batata Inglesa Porção de 1kg', 6.45);
INSERT INTO listapopular.produto (cnpjmer, codprod, nome, valor) VALUES(80421445000184, 9283759473249, 'Tomate Longa Vida Porção de 1kg', 6.89);
INSERT INTO listapopular.produto (cnpjmer, codprod, nome, valor) VALUES(53984709000135, 4368578310317, 'Fardo Feijão Carioca Dona De 1kg', 86.90);
INSERT INTO listapopular.produto (cnpjmer, codprod, nome, valor) VALUES(3309811000167, 4368578310317, 'Fardo Feijão Carioca Dona De 1kg', 70.99);
INSERT INTO listapopular.produto (cnpjmer, codprod, nome, valor) VALUES(80421445000184, 8813246738819, 'Sardinha Palmeira Oleo 125g', 5.35);
INSERT INTO listapopular.produto (cnpjmer, codprod, nome, valor) VALUES(53984709000135, 101426213255, 'Macarrao Instantaneo Nissin Miojo Galinha Caipira ', 2.19);
INSERT INTO listapopular.produto (cnpjmer, codprod, nome, valor) VALUES(80421445000184, 1070178963475, 'Arroz Tio Joao Classe Logo Fino 1kg', 4.99);
INSERT INTO listapopular.produto (cnpjmer, codprod, nome, valor) VALUES(80421445000184, 4282015699554, 'Cerveja Heineken Lager Puro Malte 600ml', 10.79);
INSERT INTO listapopular.produto (cnpjmer, codprod, nome, valor) VALUES(34381882000102, 87113137335, 'Margarina Primor 500g', 5.55);
INSERT INTO listapopular.produto (cnpjmer, codprod, nome, valor) VALUES(53984709000135, 2232024643934, 'Pao De Forma Plus Vita Original 500g', 11.00);
INSERT INTO listapopular.produto (cnpjmer, codprod, nome, valor) VALUES(34381882000102, 7056495021078, 'Pão Hambúrguer Massa Fina 600g', 11.00);
INSERT INTO listapopular.produto (cnpjmer, codprod, nome, valor) VALUES(80421445000184, 5990946571625, 'Batata Inglesa Porção de 1kg', 6.00);
INSERT INTO listapopular.produto (cnpjmer, codprod, nome, valor) VALUES(3309811000167, 8813246738819, 'Sardinha Palmeira Oleo 125g', 4.35);
INSERT INTO listapopular.produto (cnpjmer, codprod, nome, valor) VALUES(48807136000134, 101426213255, 'Macarrao Instantaneo Nissin Miojo Galinha Caipira ', 1.19);
INSERT INTO listapopular.produto (cnpjmer, codprod, nome, valor) VALUES(3309811000167, 1070178963475, 'Arroz Tio Joao Classe Logo Fino 1kg', 3.99);
INSERT INTO listapopular.produto (cnpjmer, codprod, nome, valor) VALUES(48807136000134, 4282015699554, 'Cerveja Heineken Lager Puro Malte 600ml', 10.00);
INSERT INTO listapopular.produto (cnpjmer, codprod, nome, valor) VALUES(48807136000134, 3581900614988, 'Carne Bovina Coxão Mole Peça Vácuo Porção 4kg', 175.00);
INSERT INTO listapopular.produto (cnpjmer, codprod, nome, valor) VALUES(80421445000184, 3581900614988, 'Carne Bovina Coxão Mole Peça Vácuo Porção 4kg', 184.60);
INSERT INTO listapopular.promocao (codprom, cnpjmer, nome) VALUES(2, 80421445000184, 'Linguiça Calabresa Sadia 500g 5 por 75,00');
INSERT INTO listapopular.promocao (codprom, cnpjmer, nome) VALUES(3, 5995436000181, 'Farinha De Arroz Flocao Coringa 500g por 3,00');
INSERT INTO listapopular.promocao (codprom, cnpjmer, nome) VALUES(4, 48807136000134, 'Coxão Mole 4kg + 12 Heineken 600ml por 270,00');
INSERT INTO listapopular.promocao (codprom, cnpjmer, nome) VALUES(5, 80421445000184, 'Heineken Lager 600ml 12un + Coca 2L gratis');


INSERT INTO listapopular.promocaoproduto (codprom, codprod, cnpjmer, quantia, desconto) VALUES(2, 2933019753828, 80421445000184, 5, 3.15);
INSERT INTO listapopular.promocaoproduto (codprom, codprod, cnpjmer, quantia, desconto) VALUES(3, 7504801587102, 5995436000181, 1, 0.29);
INSERT INTO listapopular.promocaoproduto (codprom, codprod, cnpjmer, quantia, desconto) VALUES(4, 4282015699554, 48807136000134, 12, 10.00);
INSERT INTO listapopular.promocaoproduto (codprom, codprod, cnpjmer, quantia, desconto) VALUES(4, 3581900614988, 48807136000134, 1, 15.00);
INSERT INTO listapopular.promocaoproduto (codprom, codprod, cnpjmer, quantia, desconto) VALUES(5, 3933359179127, 80421445000184, 1, 8.59);
INSERT INTO listapopular.promocaoproduto (codprom, codprod, cnpjmer, quantia, desconto) VALUES(5, 4282015699554, 80421445000184, 12, 0.00);

INSERT INTO listapopular.lista (codlista, "data", valor, cpfcli) VALUES(5, '2023-02-12 09:00:00.000', 0.00, 3448445363);
INSERT INTO listapopular.lista (codlista, "data", valor, cpfcli) VALUES(6, '2023-02-11 16:00:00.000', 0.00, 48782206007);
INSERT INTO listapopular.listaprod (codlista, cnpjmer, codprod, quantia, cpfcli) VALUES(5, 95058542000121, 3181089778954, 4, 3448445363);
INSERT INTO listapopular.listaprod (codlista, cnpjmer, codprod, quantia, cpfcli) VALUES(5, 48807136000134, 9555626300214, 2, 3448445363);
INSERT INTO listapopular.listaprod (codlista, cnpjmer, codprod, quantia, cpfcli) VALUES(6, 26484118000126, 3998564680905, 3, 48782206007);
INSERT INTO listapopular.listaprod (codlista, cnpjmer, codprod, quantia, cpfcli) VALUES(6, 3309811000167, 4368578310317, 4, 48782206007);
INSERT INTO listapopular.listaprod (codlista, cnpjmer, codprod, quantia, cpfcli) VALUES(6, 3309811000167, 1070178963475, 4, 48782206007);

INSERT INTO listapopular.listaprom (codlista, codprom, cnpjmer, quantia, cpfcli) VALUES(5, 4, 48807136000134, 2, 3448445363);
INSERT INTO listapopular.listaprom (codlista, codprom, cnpjmer, quantia, cpfcli) VALUES(6, 2, 80421445000184, 3, 48782206007);
INSERT INTO listapopular.listaprom (codlista, codprom, cnpjmer, quantia, cpfcli) VALUES(5, 3, 5995436000181, 1, 3448445363);


INSERT INTO listapopular.entrega (codentrega, tipo, placa, telefone, hrsaida, hrchegada, codlista, cpfcli) VALUES(3, 'app', 'LVJ1547', 86963748172, '2023-02-11 17:30:00.000', '2023-02-11 18:20:00.000', 6, 48782206007);
INSERT INTO listapopular.entrega (codentrega, tipo, placa, telefone, hrsaida, hrchegada, codlista, cpfcli) VALUES(2, 'app', 'LVJ1547', 86987630128, '2023-02-12 10:00:00.000', '2023-02-12 10:30:00.000', 5, 3448445363);

INSERT INTO listapopular.contrato (cnpjmer, codentrega) VALUES(95058542000121, 2);
INSERT INTO listapopular.contrato (cnpjmer, codentrega) VALUES(48807136000134, 2);
INSERT INTO listapopular.contrato (cnpjmer, codentrega) VALUES(5995436000181, 2);
INSERT INTO listapopular.contrato (cnpjmer, codentrega) VALUES(26484118000126, 3);
INSERT INTO listapopular.contrato (cnpjmer, codentrega) VALUES(3309811000167, 3);
INSERT INTO listapopular.contrato (cnpjmer, codentrega) VALUES(80421445000184, 3);
